transaction_id,status,amount,sender,receiver,transaction_type,bank_amount,amount_variance,root_cause,recommended_action,execution_status,genai_insight
T0001521,missing_in_ledger,,,,,38589.88,38589.88,Transaction missing in ledger – possible unrecorded bank entry,Query Bank API for Status,TICKET CREATED,"Bank processed an unexpected ₹38,589.88 transaction. Possible unrecorded direct debit or unauthorized charge."
T0000924,missing_in_bank,8505.01,C9514219,M3593793,DEBIT,,8505.01,Transaction missing in bank – possible processing delay or bank error,Hold Ledger Reconciliation,EXECUTED,"₹8,505.01 transfer from C9514219 to M3593793 is missing from the bank statement. Likely a settlement delay or weekend lag."
T0000551,missing_in_ledger,,,,,98118.31,98118.31,Transaction missing in ledger – possible unrecorded bank entry,Query Bank API for Status,TICKET CREATED,"Bank processed an unexpected ₹98,118.31 transaction. Possible unrecorded direct debit or unauthorized charge."
T0001009,missing_in_ledger,,,,,41102.25,41102.25,Transaction missing in ledger – possible unrecorded bank entry,Query Bank API for Status,TICKET CREATED,"Bank processed an unexpected ₹41,102.25 transaction. Possible unrecorded direct debit or unauthorized charge."
T0001878,missing_in_bank,39728.44,C1903560,M1657371,TRANSFER,,39728.44,Transaction missing in bank – possible processing delay or bank error,Hold Ledger Reconciliation,EXECUTED,"₹39,728.44 transfer from C1903560 to M1657371 is missing from the bank statement. Likely a settlement delay or weekend lag."
T0000537,missing_in_bank,54333.1,C5862556,C9444553,PAYMENT,,54333.1,Transaction missing in bank – possible processing delay or bank error,Hold Ledger Reconciliation,EXECUTED,"₹54,333.10 transfer from C5862556 to C9444553 is missing from the bank statement. Likely a settlement delay or weekend lag."
T0000678,missing_in_bank,1366.1,C9423457,C4061250,PAYMENT,,1366.1,Transaction missing in bank – possible processing delay or bank error,Hold Ledger Reconciliation,EXECUTED,"₹1,366.10 transfer from C9423457 to C4061250 is missing from the bank statement. Likely a settlement delay or weekend lag."
T0000417,amount_mismatch,2291.37,C3668816,C6642019,PAYMENT,2308.03,16.66000000000031,Amount mismatch – possible billing error or data-entry discrepancy,Trigger Vendor Dispute Workflow,PENDING ADMIN APPROVAL,"Ledger recorded ₹2,291.37, but Bank shows ₹2,308.03 (Variance: ₹16.66). Check for hidden FX fees or vendor overcharges."
T0001120,missing_in_bank,40630.94,C1757037,M5535396,CASH_OUT,,40630.94,Transaction missing in bank – possible processing delay or bank error,Hold Ledger Reconciliation,EXECUTED,"₹40,630.94 transfer from C1757037 to M5535396 is missing from the bank statement. Likely a settlement delay or weekend lag."
T0001963,amount_mismatch,37263.59,C8352185,M2889952,PAYMENT,37741.63,478.0400000000009,Amount mismatch – possible billing error or data-entry discrepancy,Trigger Vendor Dispute Workflow,PENDING ADMIN APPROVAL,"Ledger recorded ₹37,263.59, but Bank shows ₹37,741.63 (Variance: ₹478.04). Check for hidden FX fees or vendor overcharges."
T0001365,missing_in_ledger,,,,,8681.11,8681.11,Transaction missing in ledger – possible unrecorded bank entry,Query Bank API for Status,TICKET CREATED,"Bank processed an unexpected ₹8,681.11 transaction. Possible unrecorded direct debit or unauthorized charge."
T0001547,missing_in_bank,114220.69,C5445864,M4198029,TRANSFER,,114220.69,Transaction missing in bank – possible processing delay or bank error,Hold Ledger Reconciliation,EXECUTED,"₹114,220.69 transfer from C5445864 to M4198029 is missing from the bank statement. Likely a settlement delay or weekend lag."
T0001945,amount_mismatch,110511.02,C2413655,M6205923,PAYMENT,110645.9,134.8799999999901,Amount mismatch – possible billing error or data-entry discrepancy,Trigger Vendor Dispute Workflow,PENDING ADMIN APPROVAL,"Ledger recorded ₹110,511.02, but Bank shows ₹110,645.90 (Variance: ₹134.88). Check for hidden FX fees or vendor overcharges."
T0001006,missing_in_bank,8322.36,C5532695,M7463581,CASH_OUT,,8322.36,Transaction missing in bank – possible processing delay or bank error,Hold Ledger Reconciliation,EXECUTED,"₹8,322.36 transfer from C5532695 to M7463581 is missing from the bank statement. Likely a settlement delay or weekend lag."
T0001866,missing_in_bank,40977.34,C7840133,C5473815,TRANSFER,,40977.34,Transaction missing in bank – possible processing delay or bank error,Hold Ledger Reconciliation,EXECUTED,"₹40,977.34 transfer from C7840133 to C5473815 is missing from the bank statement. Likely a settlement delay or weekend lag."
T0000194,amount_mismatch,46497.2,C9637232,M3319183,PAYMENT,46907.14,409.9400000000023,Amount mismatch – possible billing error or data-entry discrepancy,Trigger Vendor Dispute Workflow,PENDING ADMIN APPROVAL,"Ledger recorded ₹46,497.20, but Bank shows ₹46,907.14 (Variance: ₹409.94). Check for hidden FX fees or vendor overcharges."
T0000335,amount_mismatch,104224.67,C9668905,M8220459,CASH_IN,104492.53,267.8600000000006,Amount mismatch – possible billing error or data-entry discrepancy,Trigger Vendor Dispute Workflow,PENDING ADMIN APPROVAL,"Ledger recorded ₹104,224.67, but Bank shows ₹104,492.53 (Variance: ₹267.86). Check for hidden FX fees or vendor overcharges."
T0001005,amount_mismatch,18975.31,C8652033,C9715441,CASH_IN,19304.67,329.35999999999694,Amount mismatch – possible billing error or data-entry discrepancy,Trigger Vendor Dispute Workflow,PENDING ADMIN APPROVAL,"Ledger recorded ₹18,975.31, but Bank shows ₹19,304.67 (Variance: ₹329.36). Check for hidden FX fees or vendor overcharges."
T0001143,missing_in_ledger,,,,,85900.09,85900.09,Transaction missing in ledger – possible unrecorded bank entry,Query Bank API for Status,TICKET CREATED,"Bank processed an unexpected ₹85,900.09 transaction. Possible unrecorded direct debit or unauthorized charge."
T0001095,missing_in_bank,126907.92,C8519108,M3198774,DEBIT,,126907.92,Transaction missing in bank – possible processing delay or bank error,Hold Ledger Reconciliation,EXECUTED,"₹126,907.92 transfer from C8519108 to M3198774 is missing from the bank statement. Likely a settlement delay or weekend lag."
T0001585,amount_mismatch,26324.3,C8409482,M1903819,PAYMENT,26803.45,479.15000000000146,Amount mismatch – possible billing error or data-entry discrepancy,Trigger Vendor Dispute Workflow,PENDING ADMIN APPROVAL,"Ledger recorded ₹26,324.30, but Bank shows ₹26,803.45 (Variance: ₹479.15). Check for hidden FX fees or vendor overcharges."
T0000946,duplicate,10273.06,C2206851,C5974043,CASH_OUT,10273.06,0.0,Duplicate transaction detected – possible double-charge or sync error,Auto-Block Duplicate Payment,EXECUTED,Bank statement shows multiple identical charges for T0000946. Investigate double-billing by vendor.
T0001816,missing_in_ledger,,,,,3089.38,3089.38,Transaction missing in ledger – possible unrecorded bank entry,Query Bank API for Status,TICKET CREATED,"Bank processed an unexpected ₹3,089.38 transaction. Possible unrecorded direct debit or unauthorized charge."
T0001462,duplicate,58245.81,C1458644,C6161732,TRANSFER,58245.81,0.0,Duplicate transaction detected – possible double-charge or sync error,Auto-Block Duplicate Payment,EXECUTED,Bank statement shows multiple identical charges for T0001462. Investigate double-billing by vendor.
T0001137,missing_in_ledger,,,,,3189.82,3189.82,Transaction missing in ledger – possible unrecorded bank entry,Query Bank API for Status,TICKET CREATED,"Bank processed an unexpected ₹3,189.82 transaction. Possible unrecorded direct debit or unauthorized charge."
T0000566,missing_in_bank,96739.66,C3244487,M2716544,PAYMENT,,96739.66,Transaction missing in bank – possible processing delay or bank error,Hold Ledger Reconciliation,EXECUTED,"₹96,739.66 transfer from C3244487 to M2716544 is missing from the bank statement. Likely a settlement delay or weekend lag."
T0000792,duplicate,24099.34,C8428594,C1991530,CASH_OUT,24099.34,0.0,Duplicate transaction detected – possible double-charge or sync error,Auto-Block Duplicate Payment,EXECUTED,Bank statement shows multiple identical charges for T0000792. Investigate double-billing by vendor.
T0001096,duplicate,32467.06,C7797970,C8667684,PAYMENT,32467.06,0.0,Duplicate transaction detected – possible double-charge or sync error,Auto-Block Duplicate Payment,EXECUTED,Bank statement shows multiple identical charges for T0001096. Investigate double-billing by vendor.
T0000697,missing_in_bank,23493.48,C1451315,M9011763,PAYMENT,,23493.48,Transaction missing in bank – possible processing delay or bank error,Hold Ledger Reconciliation,EXECUTED,"₹23,493.48 transfer from C1451315 to M9011763 is missing from the bank statement. Likely a settlement delay or weekend lag."
T0000604,missing_in_ledger,,,,,13040.36,13040.36,Transaction missing in ledger – possible unrecorded bank entry,Query Bank API for Status,TICKET CREATED,"Bank processed an unexpected ₹13,040.36 transaction. Possible unrecorded direct debit or unauthorized charge."
T0001543,missing_in_bank,80031.12,C3076428,C6954576,CASH_OUT,,80031.12,Transaction missing in bank – possible processing delay or bank error,Hold Ledger Reconciliation,EXECUTED,"₹80,031.12 transfer from C3076428 to C6954576 is missing from the bank statement. Likely a settlement delay or weekend lag."
T0001874,amount_mismatch,18902.16,C2085897,M5479273,TRANSFER,19000.86,98.70000000000073,Amount mismatch – possible billing error or data-entry discrepancy,Trigger Vendor Dispute Workflow,PENDING ADMIN APPROVAL,"Ledger recorded ₹18,902.16, but Bank shows ₹19,000.86 (Variance: ₹98.70). Check for hidden FX fees or vendor overcharges."
T0000372,amount_mismatch,39542.18,C4362919,C8776669,DEBIT,39868.9,326.72000000000116,Amount mismatch – possible billing error or data-entry discrepancy,Trigger Vendor Dispute Workflow,PENDING ADMIN APPROVAL,"Ledger recorded ₹39,542.18, but Bank shows ₹39,868.90 (Variance: ₹326.72). Check for hidden FX fees or vendor overcharges."
T0000686,missing_in_ledger,,,,,59581.34,59581.34,Transaction missing in ledger – possible unrecorded bank entry,Query Bank API for Status,TICKET CREATED,"Bank processed an unexpected ₹59,581.34 transaction. Possible unrecorded direct debit or unauthorized charge."
T0001207,missing_in_bank,21168.55,C3562577,M7950804,TRANSFER,,21168.55,Transaction missing in bank – possible processing delay or bank error,Hold Ledger Reconciliation,EXECUTED,"₹21,168.55 transfer from C3562577 to M7950804 is missing from the bank statement. Likely a settlement delay or weekend lag."
T0000405,amount_mismatch,2365.61,C4903289,M5725014,PAYMENT,2577.99,212.37999999999965,Amount mismatch – possible billing error or data-entry discrepancy,Trigger Vendor Dispute Workflow,PENDING ADMIN APPROVAL,"Ledger recorded ₹2,365.61, but Bank shows ₹2,577.99 (Variance: ₹212.38). Check for hidden FX fees or vendor overcharges."
T0001325,amount_mismatch,37012.42,C7113903,M4527406,CASH_IN,37497.58,485.1600000000035,Amount mismatch – possible billing error or data-entry discrepancy,Trigger Vendor Dispute Workflow,PENDING ADMIN APPROVAL,"Ledger recorded ₹37,012.42, but Bank shows ₹37,497.58 (Variance: ₹485.16). Check for hidden FX fees or vendor overcharges."
T0000721,amount_mismatch,41680.25,C8605397,C3475349,CASH_OUT,42051.07,370.8199999999997,Amount mismatch – possible billing error or data-entry discrepancy,Trigger Vendor Dispute Workflow,PENDING ADMIN APPROVAL,"Ledger recorded ₹41,680.25, but Bank shows ₹42,051.07 (Variance: ₹370.82). Check for hidden FX fees or vendor overcharges."
T0001898,missing_in_bank,67250.06,C4053898,C4828803,TRANSFER,,67250.06,Transaction missing in bank – possible processing delay or bank error,Hold Ledger Reconciliation,EXECUTED,"₹67,250.06 transfer from C4053898 to C4828803 is missing from the bank statement. Likely a settlement delay or weekend lag."
T0000462,missing_in_ledger,,,,,15963.25,15963.25,Transaction missing in ledger – possible unrecorded bank entry,Query Bank API for Status,TICKET CREATED,"Bank processed an unexpected ₹15,963.25 transaction. Possible unrecorded direct debit or unauthorized charge."
T0001913,missing_in_bank,2440.93,C3955636,C7008756,TRANSFER,,2440.93,Transaction missing in bank – possible processing delay or bank error,Hold Ledger Reconciliation,EXECUTED,"₹2,440.93 transfer from C3955636 to C7008756 is missing from the bank statement. Likely a settlement delay or weekend lag."
T0001387,amount_mismatch,81469.4,C9017859,C9917892,PAYMENT,81868.52,399.1200000000099,Amount mismatch – possible billing error or data-entry discrepancy,Trigger Vendor Dispute Workflow,PENDING ADMIN APPROVAL,"Ledger recorded ₹81,469.40, but Bank shows ₹81,868.52 (Variance: ₹399.12). Check for hidden FX fees or vendor overcharges."
T0001369,missing_in_bank,64134.35,C8926473,C6351548,CASH_IN,,64134.35,Transaction missing in bank – possible processing delay or bank error,Hold Ledger Reconciliation,EXECUTED,"₹64,134.35 transfer from C8926473 to C6351548 is missing from the bank statement. Likely a settlement delay or weekend lag."
T0001371,missing_in_ledger,,,,,15130.72,15130.72,Transaction missing in ledger – possible unrecorded bank entry,Query Bank API for Status,TICKET CREATED,"Bank processed an unexpected ₹15,130.72 transaction. Possible unrecorded direct debit or unauthorized charge."
T0001524,missing_in_bank,19595.65,C1426366,M3238213,PAYMENT,,19595.65,Transaction missing in bank – possible processing delay or bank error,Hold Ledger Reconciliation,EXECUTED,"₹19,595.65 transfer from C1426366 to M3238213 is missing from the bank statement. Likely a settlement delay or weekend lag."
T0000078,amount_mismatch,67546.32,C6080498,M9081112,CASH_IN,67864.9,318.5799999999872,Amount mismatch – possible billing error or data-entry discrepancy,Trigger Vendor Dispute Workflow,PENDING ADMIN APPROVAL,"Ledger recorded ₹67,546.32, but Bank shows ₹67,864.90 (Variance: ₹318.58). Check for hidden FX fees or vendor overcharges."
T0001765,duplicate,106415.9,C5538515,C3558532,PAYMENT,106415.9,0.0,Duplicate transaction detected – possible double-charge or sync error,Auto-Block Duplicate Payment,EXECUTED,Bank statement shows multiple identical charges for T0001765. Investigate double-billing by vendor.
T0000210,missing_in_bank,10482.15,C7452010,C3983268,PAYMENT,,10482.15,Transaction missing in bank – possible processing delay or bank error,Hold Ledger Reconciliation,EXECUTED,"₹10,482.15 transfer from C7452010 to C3983268 is missing from the bank statement. Likely a settlement delay or weekend lag."
T0001905,missing_in_ledger,,,,,12598.29,12598.29,Transaction missing in ledger – possible unrecorded bank entry,Query Bank API for Status,TICKET CREATED,"Bank processed an unexpected ₹12,598.29 transaction. Possible unrecorded direct debit or unauthorized charge."
T0001852,missing_in_bank,27394.94,C2442808,M8457829,TRANSFER,,27394.94,Transaction missing in bank – possible processing delay or bank error,Hold Ledger Reconciliation,EXECUTED,"₹27,394.94 transfer from C2442808 to M8457829 is missing from the bank statement. Likely a settlement delay or weekend lag."
T0001333,missing_in_bank,4222.41,C5802225,C9727031,CASH_IN,,4222.41,Transaction missing in bank – possible processing delay or bank error,Hold Ledger Reconciliation,EXECUTED,"₹4,222.41 transfer from C5802225 to C9727031 is missing from the bank statement. Likely a settlement delay or weekend lag."
T0000698,amount_mismatch,61617.23,C1855442,C1295808,PAYMENT,61717.15,99.91999999999825,Amount mismatch – possible billing error or data-entry discrepancy,Trigger Vendor Dispute Workflow,PENDING ADMIN APPROVAL,"Ledger recorded ₹61,617.23, but Bank shows ₹61,717.15 (Variance: ₹99.92). Check for hidden FX fees or vendor overcharges."
T0000349,missing_in_bank,37530.04,C5798410,C2151250,PAYMENT,,37530.04,Transaction missing in bank – possible processing delay or bank error,Hold Ledger Reconciliation,EXECUTED,"₹37,530.04 transfer from C5798410 to C2151250 is missing from the bank statement. Likely a settlement delay or weekend lag."
T0000104,amount_mismatch,124055.86,C8171582,C1230140,CASH_IN,124401.93,346.06999999999243,Amount mismatch – possible billing error or data-entry discrepancy,Trigger Vendor Dispute Workflow,PENDING ADMIN APPROVAL,"Ledger recorded ₹124,055.86, but Bank shows ₹124,401.93 (Variance: ₹346.07). Check for hidden FX fees or vendor overcharges."
T0000345,duplicate,30818.06,C9922444,C5301975,PAYMENT,30818.06,0.0,Duplicate transaction detected – possible double-charge or sync error,Auto-Block Duplicate Payment,EXECUTED,Bank statement shows multiple identical charges for T0000345. Investigate double-billing by vendor.
T0000681,missing_in_bank,21004.62,C9639445,C4367119,TRANSFER,,21004.62,Transaction missing in bank – possible processing delay or bank error,Hold Ledger Reconciliation,EXECUTED,"₹21,004.62 transfer from C9639445 to C4367119 is missing from the bank statement. Likely a settlement delay or weekend lag."
T0000398,amount_mismatch,9453.02,C3792912,C7853568,CASH_IN,9474.43,21.409999999999854,Amount mismatch – possible billing error or data-entry discrepancy,Trigger Vendor Dispute Workflow,PENDING ADMIN APPROVAL,"Ledger recorded ₹9,453.02, but Bank shows ₹9,474.43 (Variance: ₹21.41). Check for hidden FX fees or vendor overcharges."
T0000252,amount_mismatch,47721.12,C3968750,C2159896,DEBIT,47850.91,129.79000000000087,Amount mismatch – possible billing error or data-entry discrepancy,Trigger Vendor Dispute Workflow,PENDING ADMIN APPROVAL,"Ledger recorded ₹47,721.12, but Bank shows ₹47,850.91 (Variance: ₹129.79). Check for hidden FX fees or vendor overcharges."
T0001135,duplicate,172.92,C7524544,M3020204,TRANSFER,172.92,0.0,Duplicate transaction detected – possible double-charge or sync error,Auto-Block Duplicate Payment,EXECUTED,Bank statement shows multiple identical charges for T0001135. Investigate double-billing by vendor.
T0000081,missing_in_bank,75384.54,C4934366,C9318522,PAYMENT,,75384.54,Transaction missing in bank – possible processing delay or bank error,Hold Ledger Reconciliation,EXECUTED,"₹75,384.54 transfer from C4934366 to C9318522 is missing from the bank statement. Likely a settlement delay or weekend lag."
T0001805,missing_in_bank,9855.71,C1077235,M1943071,CASH_IN,,9855.71,Transaction missing in bank – possible processing delay or bank error,Hold Ledger Reconciliation,EXECUTED,"₹9,855.71 transfer from C1077235 to M1943071 is missing from the bank statement. Likely a settlement delay or weekend lag."
T0001109,missing_in_bank,6437.01,C6688826,C9453352,PAYMENT,,6437.01,Transaction missing in bank – possible processing delay or bank error,Hold Ledger Reconciliation,EXECUTED,"₹6,437.01 transfer from C6688826 to C9453352 is missing from the bank statement. Likely a settlement delay or weekend lag."
T0001844,missing_in_bank,12770.05,C6550804,C9306489,PAYMENT,,12770.05,Transaction missing in bank – possible processing delay or bank error,Hold Ledger Reconciliation,EXECUTED,"₹12,770.05 transfer from C6550804 to C9306489 is missing from the bank statement. Likely a settlement delay or weekend lag."
T0000547,missing_in_ledger,,,,,6631.0,6631.0,Transaction missing in ledger – possible unrecorded bank entry,Query Bank API for Status,TICKET CREATED,"Bank processed an unexpected ₹6,631.00 transaction. Possible unrecorded direct debit or unauthorized charge."
T0001922,amount_mismatch,16257.3,C4911067,C7253184,CASH_OUT,16304.81,47.51000000000022,Amount mismatch – possible billing error or data-entry discrepancy,Trigger Vendor Dispute Workflow,PENDING ADMIN APPROVAL,"Ledger recorded ₹16,257.30, but Bank shows ₹16,304.81 (Variance: ₹47.51). Check for hidden FX fees or vendor overcharges."
T0001282,missing_in_bank,13903.86,C8207843,C8342499,TRANSFER,,13903.86,Transaction missing in bank – possible processing delay or bank error,Hold Ledger Reconciliation,EXECUTED,"₹13,903.86 transfer from C8207843 to C8342499 is missing from the bank statement. Likely a settlement delay or weekend lag."
T0001531,missing_in_ledger,,,,,50372.8,50372.8,Transaction missing in ledger – possible unrecorded bank entry,Query Bank API for Status,TICKET CREATED,"Bank processed an unexpected ₹50,372.80 transaction. Possible unrecorded direct debit or unauthorized charge."
T0001487,missing_in_bank,21536.34,C1999846,M2005927,TRANSFER,,21536.34,Transaction missing in bank – possible processing delay or bank error,Hold Ledger Reconciliation,EXECUTED,"₹21,536.34 transfer from C1999846 to M2005927 is missing from the bank statement. Likely a settlement delay or weekend lag."
T0000614,missing_in_bank,14907.79,C6756068,M6396569,PAYMENT,,14907.79,Transaction missing in bank – possible processing delay or bank error,Hold Ledger Reconciliation,EXECUTED,"₹14,907.79 transfer from C6756068 to M6396569 is missing from the bank statement. Likely a settlement delay or weekend lag."
T0001228,missing_in_ledger,,,,,61926.72,61926.72,Transaction missing in ledger – possible unrecorded bank entry,Query Bank API for Status,TICKET CREATED,"Bank processed an unexpected ₹61,926.72 transaction. Possible unrecorded direct debit or unauthorized charge."
T0000992,missing_in_bank,4237.39,C4882763,M7824695,PAYMENT,,4237.39,Transaction missing in bank – possible processing delay or bank error,Hold Ledger Reconciliation,EXECUTED,"₹4,237.39 transfer from C4882763 to M7824695 is missing from the bank statement. Likely a settlement delay or weekend lag."
T0001383,missing_in_bank,185925.8,C4476899,M8090437,PAYMENT,,185925.8,Transaction missing in bank – possible processing delay or bank error,Hold Ledger Reconciliation,EXECUTED,"₹185,925.80 transfer from C4476899 to M8090437 is missing from the bank statement. Likely a settlement delay or weekend lag."
T0001872,amount_mismatch,87441.75,C9473848,M6841913,PAYMENT,87474.53,32.779999999998836,Amount mismatch – possible billing error or data-entry discrepancy,Trigger Vendor Dispute Workflow,PENDING ADMIN APPROVAL,"Ledger recorded ₹87,441.75, but Bank shows ₹87,474.53 (Variance: ₹32.78). Check for hidden FX fees or vendor overcharges."
T0001900,missing_in_bank,2047.42,C5777653,C9631236,CASH_IN,,2047.42,Transaction missing in bank – possible processing delay or bank error,Hold Ledger Reconciliation,EXECUTED,"₹2,047.42 transfer from C5777653 to C9631236 is missing from the bank statement. Likely a settlement delay or weekend lag."
T0001661,amount_mismatch,79292.94,C2667226,C8059605,CASH_IN,79773.44,480.5,Amount mismatch – possible billing error or data-entry discrepancy,Trigger Vendor Dispute Workflow,PENDING ADMIN APPROVAL,"Ledger recorded ₹79,292.94, but Bank shows ₹79,773.44 (Variance: ₹480.50). Check for hidden FX fees or vendor overcharges."
T0000695,missing_in_bank,78168.43,C7496708,M3964713,PAYMENT,,78168.43,Transaction missing in bank – possible processing delay or bank error,Hold Ledger Reconciliation,EXECUTED,"₹78,168.43 transfer from C7496708 to M3964713 is missing from the bank statement. Likely a settlement delay or weekend lag."
T0001211,missing_in_bank,26722.53,C5146638,C3223172,CASH_OUT,,26722.53,Transaction missing in bank – possible processing delay or bank error,Hold Ledger Reconciliation,EXECUTED,"₹26,722.53 transfer from C5146638 to C3223172 is missing from the bank statement. Likely a settlement delay or weekend lag."
T0000694,duplicate,4351.49,C3280449,C7964647,CASH_OUT,4351.49,0.0,Duplicate transaction detected – possible double-charge or sync error,Auto-Block Duplicate Payment,EXECUTED,Bank statement shows multiple identical charges for T0000694. Investigate double-billing by vendor.
T0000754,missing_in_bank,61207.25,C4941135,C5094326,TRANSFER,,61207.25,Transaction missing in bank – possible processing delay or bank error,Hold Ledger Reconciliation,EXECUTED,"₹61,207.25 transfer from C4941135 to C5094326 is missing from the bank statement. Likely a settlement delay or weekend lag."
T0000777,missing_in_bank,12167.56,C3438704,M8911839,PAYMENT,,12167.56,Transaction missing in bank – possible processing delay or bank error,Hold Ledger Reconciliation,EXECUTED,"₹12,167.56 transfer from C3438704 to M8911839 is missing from the bank statement. Likely a settlement delay or weekend lag."
T0001780,missing_in_ledger,,,,,12743.25,12743.25,Transaction missing in ledger – possible unrecorded bank entry,Query Bank API for Status,TICKET CREATED,"Bank processed an unexpected ₹12,743.25 transaction. Possible unrecorded direct debit or unauthorized charge."
T0001014,missing_in_ledger,,,,,127553.98,127553.98,Transaction missing in ledger – possible unrecorded bank entry,Query Bank API for Status,TICKET CREATED,"Bank processed an unexpected ₹127,553.98 transaction. Possible unrecorded direct debit or unauthorized charge."
T0000595,missing_in_bank,51122.86,C6214280,M2190601,PAYMENT,,51122.86,Transaction missing in bank – possible processing delay or bank error,Hold Ledger Reconciliation,EXECUTED,"₹51,122.86 transfer from C6214280 to M2190601 is missing from the bank statement. Likely a settlement delay or weekend lag."
T0000618,missing_in_bank,63697.12,C2257915,M9400494,TRANSFER,,63697.12,Transaction missing in bank – possible processing delay or bank error,Hold Ledger Reconciliation,EXECUTED,"₹63,697.12 transfer from C2257915 to M9400494 is missing from the bank statement. Likely a settlement delay or weekend lag."
T0000594,missing_in_ledger,,,,,57582.0,57582.0,Transaction missing in ledger – possible unrecorded bank entry,Query Bank API for Status,TICKET CREATED,"Bank processed an unexpected ₹57,582.00 transaction. Possible unrecorded direct debit or unauthorized charge."
T0001912,missing_in_ledger,,,,,34416.35,34416.35,Transaction missing in ledger – possible unrecorded bank entry,Query Bank API for Status,TICKET CREATED,"Bank processed an unexpected ₹34,416.35 transaction. Possible unrecorded direct debit or unauthorized charge."
T0000322,duplicate,48459.19,C9244105,C2283141,TRANSFER,48459.19,0.0,Duplicate transaction detected – possible double-charge or sync error,Auto-Block Duplicate Payment,EXECUTED,Bank statement shows multiple identical charges for T0000322. Investigate double-billing by vendor.
T0000487,missing_in_bank,52181.17,C7886323,C8938468,TRANSFER,,52181.17,Transaction missing in bank – possible processing delay or bank error,Hold Ledger Reconciliation,EXECUTED,"₹52,181.17 transfer from C7886323 to C8938468 is missing from the bank statement. Likely a settlement delay or weekend lag."
T0001195,missing_in_bank,16821.03,C7421334,M3147782,CASH_OUT,,16821.03,Transaction missing in bank – possible processing delay or bank error,Hold Ledger Reconciliation,EXECUTED,"₹16,821.03 transfer from C7421334 to M3147782 is missing from the bank statement. Likely a settlement delay or weekend lag."
T0000653,missing_in_ledger,,,,,37204.08,37204.08,Transaction missing in ledger – possible unrecorded bank entry,Query Bank API for Status,TICKET CREATED,"Bank processed an unexpected ₹37,204.08 transaction. Possible unrecorded direct debit or unauthorized charge."
T0000002,balance_inconsistency,120605.84,C6891143,M6346863,CASH_OUT,,,Balance inconsistency detected – sender balance doesn't reconcile with amount,Flag Account for Audit,TICKET CREATED,"Math mismatch: C6891143's starting/ending balances do not align with the ₹120,605.84 transaction amount."
T0000004,balance_inconsistency,64011.76,C4897136,C3203692,CASH_OUT,,,Balance inconsistency detected – sender balance doesn't reconcile with amount,Flag Account for Audit,TICKET CREATED,"Math mismatch: C4897136's starting/ending balances do not align with the ₹64,011.76 transaction amount."
T0000017,balance_inconsistency,55399.95,C2153022,M7823419,PAYMENT,,,Balance inconsistency detected – sender balance doesn't reconcile with amount,Flag Account for Audit,TICKET CREATED,"Math mismatch: C2153022's starting/ending balances do not align with the ₹55,399.95 transaction amount."
T0000038,balance_inconsistency,94411.77,C3490836,M3112050,TRANSFER,,,Balance inconsistency detected – sender balance doesn't reconcile with amount,Flag Account for Audit,TICKET CREATED,"Math mismatch: C3490836's starting/ending balances do not align with the ₹94,411.77 transaction amount."
T0000040,balance_inconsistency,38450.79,C2487061,C4539250,CASH_OUT,,,Balance inconsistency detected – sender balance doesn't reconcile with amount,Flag Account for Audit,TICKET CREATED,"Math mismatch: C2487061's starting/ending balances do not align with the ₹38,450.79 transaction amount."
T0000041,balance_inconsistency,50008.89,C7822788,C4155002,CASH_IN,,,Balance inconsistency detected – sender balance doesn't reconcile with amount,Flag Account for Audit,TICKET CREATED,"Math mismatch: C7822788's starting/ending balances do not align with the ₹50,008.89 transaction amount."
T0000045,balance_inconsistency,52209.8,C9736281,M2014440,DEBIT,,,Balance inconsistency detected – sender balance doesn't reconcile with amount,Flag Account for Audit,TICKET CREATED,"Math mismatch: C9736281's starting/ending balances do not align with the ₹52,209.80 transaction amount."
T0000048,balance_inconsistency,118095.67,C7101270,M3827393,PAYMENT,,,Balance inconsistency detected – sender balance doesn't reconcile with amount,Flag Account for Audit,TICKET CREATED,"Math mismatch: C7101270's starting/ending balances do not align with the ₹118,095.67 transaction amount."
T0000063,balance_inconsistency,72875.55,C9707586,M4352566,CASH_OUT,,,Balance inconsistency detected – sender balance doesn't reconcile with amount,Flag Account for Audit,TICKET CREATED,"Math mismatch: C9707586's starting/ending balances do not align with the ₹72,875.55 transaction amount."
T0000079,balance_inconsistency,23968.67,C7028325,M4417473,PAYMENT,,,Balance inconsistency detected – sender balance doesn't reconcile with amount,Flag Account for Audit,TICKET CREATED,"Math mismatch: C7028325's starting/ending balances do not align with the ₹23,968.67 transaction amount."
T0000108,balance_inconsistency,194794.88,C5244103,M8784435,TRANSFER,,,Balance inconsistency detected – sender balance doesn't reconcile with amount,Flag Account for Audit,TICKET CREATED,"Math mismatch: C5244103's starting/ending balances do not align with the ₹194,794.88 transaction amount."
T0000112,balance_inconsistency,73299.79,C6000822,C2780043,PAYMENT,,,Balance inconsistency detected – sender balance doesn't reconcile with amount,Flag Account for Audit,TICKET CREATED,"Math mismatch: C6000822's starting/ending balances do not align with the ₹73,299.79 transaction amount."
T0000115,balance_inconsistency,33492.09,C6118670,M2940136,CASH_OUT,,,Balance inconsistency detected – sender balance doesn't reconcile with amount,Flag Account for Audit,TICKET CREATED,"Math mismatch: C6118670's starting/ending balances do not align with the ₹33,492.09 transaction amount."
T0000118,balance_inconsistency,210017.27,C3209330,C3074121,PAYMENT,,,Balance inconsistency detected – sender balance doesn't reconcile with amount,Flag Account for Audit,TICKET CREATED,"Math mismatch: C3209330's starting/ending balances do not align with the ₹210,017.27 transaction amount."
T0000129,balance_inconsistency,26910.38,C6712464,M5014285,CASH_IN,,,Balance inconsistency detected – sender balance doesn't reconcile with amount,Flag Account for Audit,TICKET CREATED,"Math mismatch: C6712464's starting/ending balances do not align with the ₹26,910.38 transaction amount."
T0000131,balance_inconsistency,18155.18,C5982214,M4687309,CASH_OUT,,,Balance inconsistency detected – sender balance doesn't reconcile with amount,Flag Account for Audit,TICKET CREATED,"Math mismatch: C5982214's starting/ending balances do not align with the ₹18,155.18 transaction amount."
T0000146,balance_inconsistency,111393.84,C1312236,C1868940,PAYMENT,,,Balance inconsistency detected – sender balance doesn't reconcile with amount,Flag Account for Audit,TICKET CREATED,"Math mismatch: C1312236's starting/ending balances do not align with the ₹111,393.84 transaction amount."
T0000156,balance_inconsistency,94189.59,C2136526,M3405696,TRANSFER,,,Balance inconsistency detected – sender balance doesn't reconcile with amount,Flag Account for Audit,TICKET CREATED,"Math mismatch: C2136526's starting/ending balances do not align with the ₹94,189.59 transaction amount."
T0000162,balance_inconsistency,97887.2,C4682677,M6933827,PAYMENT,,,Balance inconsistency detected – sender balance doesn't reconcile with amount,Flag Account for Audit,TICKET CREATED,"Math mismatch: C4682677's starting/ending balances do not align with the ₹97,887.20 transaction amount."
T0000163,balance_inconsistency,45780.2,C4657481,M3722652,TRANSFER,,,Balance inconsistency detected – sender balance doesn't reconcile with amount,Flag Account for Audit,TICKET CREATED,"Math mismatch: C4657481's starting/ending balances do not align with the ₹45,780.20 transaction amount."
T0000166,balance_inconsistency,81915.62,C3890941,C7848576,TRANSFER,,,Balance inconsistency detected – sender balance doesn't reconcile with amount,Flag Account for Audit,TICKET CREATED,"Math mismatch: C3890941's starting/ending balances do not align with the ₹81,915.62 transaction amount."
T0000178,balance_inconsistency,126468.83,C9105594,M8873407,TRANSFER,,,Balance inconsistency detected – sender balance doesn't reconcile with amount,Flag Account for Audit,TICKET CREATED,"Math mismatch: C9105594's starting/ending balances do not align with the ₹126,468.83 transaction amount."
T0000187,balance_inconsistency,45104.19,C4429190,M9116921,TRANSFER,,,Balance inconsistency detected – sender balance doesn't reconcile with amount,Flag Account for Audit,TICKET CREATED,"Math mismatch: C4429190's starting/ending balances do not align with the ₹45,104.19 transaction amount."
T0000190,balance_inconsistency,54381.32,C7153305,C1752058,PAYMENT,,,Balance inconsistency detected – sender balance doesn't reconcile with amount,Flag Account for Audit,TICKET CREATED,"Math mismatch: C7153305's starting/ending balances do not align with the ₹54,381.32 transaction amount."
T0000204,balance_inconsistency,65831.24,C3392829,M7847548,PAYMENT,,,Balance inconsistency detected – sender balance doesn't reconcile with amount,Flag Account for Audit,TICKET CREATED,"Math mismatch: C3392829's starting/ending balances do not align with the ₹65,831.24 transaction amount."
T0000226,balance_inconsistency,110977.79,C6212975,C5061689,TRANSFER,,,Balance inconsistency detected – sender balance doesn't reconcile with amount,Flag Account for Audit,TICKET CREATED,"Math mismatch: C6212975's starting/ending balances do not align with the ₹110,977.79 transaction amount."
T0000251,balance_inconsistency,254493.61,C2694026,M3277437,CASH_OUT,,,Balance inconsistency detected – sender balance doesn't reconcile with amount,Flag Account for Audit,TICKET CREATED,"Math mismatch: C2694026's starting/ending balances do not align with the ₹254,493.61 transaction amount."
T0000323,balance_inconsistency,6185.98,C9776396,M1492644,PAYMENT,,,Balance inconsistency detected – sender balance doesn't reconcile with amount,Flag Account for Audit,TICKET CREATED,"Math mismatch: C9776396's starting/ending balances do not align with the ₹6,185.98 transaction amount."
T0000346,balance_inconsistency,125951.15,C9424391,C7102103,CASH_OUT,,,Balance inconsistency detected – sender balance doesn't reconcile with amount,Flag Account for Audit,TICKET CREATED,"Math mismatch: C9424391's starting/ending balances do not align with the ₹125,951.15 transaction amount."
T0000366,balance_inconsistency,114935.3,C3843361,M1519233,PAYMENT,,,Balance inconsistency detected – sender balance doesn't reconcile with amount,Flag Account for Audit,TICKET CREATED,"Math mismatch: C3843361's starting/ending balances do not align with the ₹114,935.30 transaction amount."
T0000396,balance_inconsistency,132299.04,C2767911,C9386150,PAYMENT,,,Balance inconsistency detected – sender balance doesn't reconcile with amount,Flag Account for Audit,TICKET CREATED,"Math mismatch: C2767911's starting/ending balances do not align with the ₹132,299.04 transaction amount."
T0000409,balance_inconsistency,36820.06,C2568506,C1770870,PAYMENT,,,Balance inconsistency detected – sender balance doesn't reconcile with amount,Flag Account for Audit,TICKET CREATED,"Math mismatch: C2568506's starting/ending balances do not align with the ₹36,820.06 transaction amount."
T0000416,balance_inconsistency,8014.22,C2096492,C1858180,TRANSFER,,,Balance inconsistency detected – sender balance doesn't reconcile with amount,Flag Account for Audit,TICKET CREATED,"Math mismatch: C2096492's starting/ending balances do not align with the ₹8,014.22 transaction amount."
T0000426,balance_inconsistency,45619.67,C8237119,M2317925,PAYMENT,,,Balance inconsistency detected – sender balance doesn't reconcile with amount,Flag Account for Audit,TICKET CREATED,"Math mismatch: C8237119's starting/ending balances do not align with the ₹45,619.67 transaction amount."
T0000439,balance_inconsistency,128838.64,C9758083,M5852715,PAYMENT,,,Balance inconsistency detected – sender balance doesn't reconcile with amount,Flag Account for Audit,TICKET CREATED,"Math mismatch: C9758083's starting/ending balances do not align with the ₹128,838.64 transaction amount."
T0000443,balance_inconsistency,25278.97,C5575352,M3598235,CASH_IN,,,Balance inconsistency detected – sender balance doesn't reconcile with amount,Flag Account for Audit,TICKET CREATED,"Math mismatch: C5575352's starting/ending balances do not align with the ₹25,278.97 transaction amount."
T0000448,balance_inconsistency,42855.93,C3578015,M8270504,CASH_OUT,,,Balance inconsistency detected – sender balance doesn't reconcile with amount,Flag Account for Audit,TICKET CREATED,"Math mismatch: C3578015's starting/ending balances do not align with the ₹42,855.93 transaction amount."
T0000450,balance_inconsistency,60382.67,C9323274,C7094582,CASH_OUT,,,Balance inconsistency detected – sender balance doesn't reconcile with amount,Flag Account for Audit,TICKET CREATED,"Math mismatch: C9323274's starting/ending balances do not align with the ₹60,382.67 transaction amount."
T0000454,balance_inconsistency,32896.13,C5996781,M6832844,CASH_OUT,,,Balance inconsistency detected – sender balance doesn't reconcile with amount,Flag Account for Audit,TICKET CREATED,"Math mismatch: C5996781's starting/ending balances do not align with the ₹32,896.13 transaction amount."
T0000456,balance_inconsistency,88271.11,C6705775,C5351604,PAYMENT,,,Balance inconsistency detected – sender balance doesn't reconcile with amount,Flag Account for Audit,TICKET CREATED,"Math mismatch: C6705775's starting/ending balances do not align with the ₹88,271.11 transaction amount."
T0000465,balance_inconsistency,140070.37,C2493733,C5628689,TRANSFER,,,Balance inconsistency detected – sender balance doesn't reconcile with amount,Flag Account for Audit,TICKET CREATED,"Math mismatch: C2493733's starting/ending balances do not align with the ₹140,070.37 transaction amount."
T0000467,balance_inconsistency,28057.38,C2633213,C1138998,TRANSFER,,,Balance inconsistency detected – sender balance doesn't reconcile with amount,Flag Account for Audit,TICKET CREATED,"Math mismatch: C2633213's starting/ending balances do not align with the ₹28,057.38 transaction amount."
T0000483,balance_inconsistency,83978.84,C5167069,C8080224,TRANSFER,,,Balance inconsistency detected – sender balance doesn't reconcile with amount,Flag Account for Audit,TICKET CREATED,"Math mismatch: C5167069's starting/ending balances do not align with the ₹83,978.84 transaction amount."
T0000504,balance_inconsistency,127092.98,C5085071,C5400779,TRANSFER,,,Balance inconsistency detected – sender balance doesn't reconcile with amount,Flag Account for Audit,TICKET CREATED,"Math mismatch: C5085071's starting/ending balances do not align with the ₹127,092.98 transaction amount."
T0000507,balance_inconsistency,87447.03,C3418227,M3483372,CASH_OUT,,,Balance inconsistency detected – sender balance doesn't reconcile with amount,Flag Account for Audit,TICKET CREATED,"Math mismatch: C3418227's starting/ending balances do not align with the ₹87,447.03 transaction amount."
T0000521,balance_inconsistency,60756.1,C2730711,C3681554,CASH_IN,,,Balance inconsistency detected – sender balance doesn't reconcile with amount,Flag Account for Audit,TICKET CREATED,"Math mismatch: C2730711's starting/ending balances do not align with the ₹60,756.10 transaction amount."
T0000528,balance_inconsistency,150306.58,C9288733,M3052714,TRANSFER,,,Balance inconsistency detected – sender balance doesn't reconcile with amount,Flag Account for Audit,TICKET CREATED,"Math mismatch: C9288733's starting/ending balances do not align with the ₹150,306.58 transaction amount."
T0000530,balance_inconsistency,17813.71,C2489785,M2699009,PAYMENT,,,Balance inconsistency detected – sender balance doesn't reconcile with amount,Flag Account for Audit,TICKET CREATED,"Math mismatch: C2489785's starting/ending balances do not align with the ₹17,813.71 transaction amount."
T0000543,balance_inconsistency,91084.99,C8478945,C7211066,TRANSFER,,,Balance inconsistency detected – sender balance doesn't reconcile with amount,Flag Account for Audit,TICKET CREATED,"Math mismatch: C8478945's starting/ending balances do not align with the ₹91,084.99 transaction amount."
T0000545,balance_inconsistency,10718.93,C4863336,M6118617,CASH_IN,,,Balance inconsistency detected – sender balance doesn't reconcile with amount,Flag Account for Audit,TICKET CREATED,"Math mismatch: C4863336's starting/ending balances do not align with the ₹10,718.93 transaction amount."
T0000561,balance_inconsistency,38817.23,C5437751,C1309205,CASH_OUT,,,Balance inconsistency detected – sender balance doesn't reconcile with amount,Flag Account for Audit,TICKET CREATED,"Math mismatch: C5437751's starting/ending balances do not align with the ₹38,817.23 transaction amount."
T0000567,balance_inconsistency,138001.14,C6783095,C8546279,TRANSFER,,,Balance inconsistency detected – sender balance doesn't reconcile with amount,Flag Account for Audit,TICKET CREATED,"Math mismatch: C6783095's starting/ending balances do not align with the ₹138,001.14 transaction amount."
T0000568,balance_inconsistency,98201.8,C6141093,C6748577,PAYMENT,,,Balance inconsistency detected – sender balance doesn't reconcile with amount,Flag Account for Audit,TICKET CREATED,"Math mismatch: C6141093's starting/ending balances do not align with the ₹98,201.80 transaction amount."
T0000583,balance_inconsistency,77666.08,C4636833,C5910003,PAYMENT,,,Balance inconsistency detected – sender balance doesn't reconcile with amount,Flag Account for Audit,TICKET CREATED,"Math mismatch: C4636833's starting/ending balances do not align with the ₹77,666.08 transaction amount."
T0000599,balance_inconsistency,46426.28,C6546556,C5275974,TRANSFER,,,Balance inconsistency detected – sender balance doesn't reconcile with amount,Flag Account for Audit,TICKET CREATED,"Math mismatch: C6546556's starting/ending balances do not align with the ₹46,426.28 transaction amount."
T0000630,balance_inconsistency,152438.97,C3947459,C7637143,CASH_OUT,,,Balance inconsistency detected – sender balance doesn't reconcile with amount,Flag Account for Audit,TICKET CREATED,"Math mismatch: C3947459's starting/ending balances do not align with the ₹152,438.97 transaction amount."
T0000647,balance_inconsistency,63875.65,C9644436,C2802843,TRANSFER,,,Balance inconsistency detected – sender balance doesn't reconcile with amount,Flag Account for Audit,TICKET CREATED,"Math mismatch: C9644436's starting/ending balances do not align with the ₹63,875.65 transaction amount."
T0000655,balance_inconsistency,53944.75,C7896550,M6212338,CASH_IN,,,Balance inconsistency detected – sender balance doesn't reconcile with amount,Flag Account for Audit,TICKET CREATED,"Math mismatch: C7896550's starting/ending balances do not align with the ₹53,944.75 transaction amount."
T0000657,balance_inconsistency,40990.01,C1652203,C1607258,CASH_IN,,,Balance inconsistency detected – sender balance doesn't reconcile with amount,Flag Account for Audit,TICKET CREATED,"Math mismatch: C1652203's starting/ending balances do not align with the ₹40,990.01 transaction amount."
T0000663,balance_inconsistency,47498.14,C6377004,C1719460,DEBIT,,,Balance inconsistency detected – sender balance doesn't reconcile with amount,Flag Account for Audit,TICKET CREATED,"Math mismatch: C6377004's starting/ending balances do not align with the ₹47,498.14 transaction amount."
T0000664,balance_inconsistency,8116.24,C7253182,C3184066,PAYMENT,,,Balance inconsistency detected – sender balance doesn't reconcile with amount,Flag Account for Audit,TICKET CREATED,"Math mismatch: C7253182's starting/ending balances do not align with the ₹8,116.24 transaction amount."
T0000671,balance_inconsistency,82252.24,C6725971,C6064673,CASH_IN,,,Balance inconsistency detected – sender balance doesn't reconcile with amount,Flag Account for Audit,TICKET CREATED,"Math mismatch: C6725971's starting/ending balances do not align with the ₹82,252.24 transaction amount."
T0000704,balance_inconsistency,121281.43,C6084554,M3960492,CASH_OUT,,,Balance inconsistency detected – sender balance doesn't reconcile with amount,Flag Account for Audit,TICKET CREATED,"Math mismatch: C6084554's starting/ending balances do not align with the ₹121,281.43 transaction amount."
T0000723,balance_inconsistency,299341.46,C8073602,C8773622,CASH_OUT,,,Balance inconsistency detected – sender balance doesn't reconcile with amount,Flag Account for Audit,TICKET CREATED,"Math mismatch: C8073602's starting/ending balances do not align with the ₹299,341.46 transaction amount."
T0000731,balance_inconsistency,261211.4,C9294610,C3962509,DEBIT,,,Balance inconsistency detected – sender balance doesn't reconcile with amount,Flag Account for Audit,TICKET CREATED,"Math mismatch: C9294610's starting/ending balances do not align with the ₹261,211.40 transaction amount."
T0000738,balance_inconsistency,96927.53,C9085298,C9034353,PAYMENT,,,Balance inconsistency detected – sender balance doesn't reconcile with amount,Flag Account for Audit,TICKET CREATED,"Math mismatch: C9085298's starting/ending balances do not align with the ₹96,927.53 transaction amount."
T0000739,balance_inconsistency,223531.43,C8354027,M5751009,PAYMENT,,,Balance inconsistency detected – sender balance doesn't reconcile with amount,Flag Account for Audit,TICKET CREATED,"Math mismatch: C8354027's starting/ending balances do not align with the ₹223,531.43 transaction amount."
T0000747,balance_inconsistency,33502.98,C3817153,C7531868,TRANSFER,,,Balance inconsistency detected – sender balance doesn't reconcile with amount,Flag Account for Audit,TICKET CREATED,"Math mismatch: C3817153's starting/ending balances do not align with the ₹33,502.98 transaction amount."
T0000757,balance_inconsistency,41322.08,C2151294,C1298828,TRANSFER,,,Balance inconsistency detected – sender balance doesn't reconcile with amount,Flag Account for Audit,TICKET CREATED,"Math mismatch: C2151294's starting/ending balances do not align with the ₹41,322.08 transaction amount."
T0000775,balance_inconsistency,73857.31,C4814232,C2284330,PAYMENT,,,Balance inconsistency detected – sender balance doesn't reconcile with amount,Flag Account for Audit,TICKET CREATED,"Math mismatch: C4814232's starting/ending balances do not align with the ₹73,857.31 transaction amount."
T0000776,balance_inconsistency,251788.56,C2066307,C3416622,PAYMENT,,,Balance inconsistency detected – sender balance doesn't reconcile with amount,Flag Account for Audit,TICKET CREATED,"Math mismatch: C2066307's starting/ending balances do not align with the ₹251,788.56 transaction amount."
T0000783,balance_inconsistency,55441.11,C5303548,M6845356,CASH_IN,,,Balance inconsistency detected – sender balance doesn't reconcile with amount,Flag Account for Audit,TICKET CREATED,"Math mismatch: C5303548's starting/ending balances do not align with the ₹55,441.11 transaction amount."
T0000788,balance_inconsistency,61031.07,C1110724,M9342372,CASH_OUT,,,Balance inconsistency detected – sender balance doesn't reconcile with amount,Flag Account for Audit,TICKET CREATED,"Math mismatch: C1110724's starting/ending balances do not align with the ₹61,031.07 transaction amount."
T0000797,balance_inconsistency,78103.13,C3838507,C8663363,CASH_OUT,,,Balance inconsistency detected – sender balance doesn't reconcile with amount,Flag Account for Audit,TICKET CREATED,"Math mismatch: C3838507's starting/ending balances do not align with the ₹78,103.13 transaction amount."
T0000815,balance_inconsistency,96015.85,C1388971,C7510115,PAYMENT,,,Balance inconsistency detected – sender balance doesn't reconcile with amount,Flag Account for Audit,TICKET CREATED,"Math mismatch: C1388971's starting/ending balances do not align with the ₹96,015.85 transaction amount."
T0000816,balance_inconsistency,152226.41,C1957775,C1907302,PAYMENT,,,Balance inconsistency detected – sender balance doesn't reconcile with amount,Flag Account for Audit,TICKET CREATED,"Math mismatch: C1957775's starting/ending balances do not align with the ₹152,226.41 transaction amount."
T0000859,balance_inconsistency,53987.36,C9713764,C2615546,TRANSFER,,,Balance inconsistency detected – sender balance doesn't reconcile with amount,Flag Account for Audit,TICKET CREATED,"Math mismatch: C9713764's starting/ending balances do not align with the ₹53,987.36 transaction amount."
T0000885,balance_inconsistency,63000.19,C1477233,M1916490,PAYMENT,,,Balance inconsistency detected – sender balance doesn't reconcile with amount,Flag Account for Audit,TICKET CREATED,"Math mismatch: C1477233's starting/ending balances do not align with the ₹63,000.19 transaction amount."
T0000888,balance_inconsistency,135423.63,C3436828,C4030036,PAYMENT,,,Balance inconsistency detected – sender balance doesn't reconcile with amount,Flag Account for Audit,TICKET CREATED,"Math mismatch: C3436828's starting/ending balances do not align with the ₹135,423.63 transaction amount."
T0000896,balance_inconsistency,29705.34,C1490502,M8394765,PAYMENT,,,Balance inconsistency detected – sender balance doesn't reconcile with amount,Flag Account for Audit,TICKET CREATED,"Math mismatch: C1490502's starting/ending balances do not align with the ₹29,705.34 transaction amount."
T0000898,balance_inconsistency,219221.58,C6546780,M7226916,TRANSFER,,,Balance inconsistency detected – sender balance doesn't reconcile with amount,Flag Account for Audit,TICKET CREATED,"Math mismatch: C6546780's starting/ending balances do not align with the ₹219,221.58 transaction amount."
T0000903,balance_inconsistency,154210.86,C5130370,C1270471,TRANSFER,,,Balance inconsistency detected – sender balance doesn't reconcile with amount,Flag Account for Audit,TICKET CREATED,"Math mismatch: C5130370's starting/ending balances do not align with the ₹154,210.86 transaction amount."
T0000908,balance_inconsistency,44666.82,C1825488,C8040554,PAYMENT,,,Balance inconsistency detected – sender balance doesn't reconcile with amount,Flag Account for Audit,TICKET CREATED,"Math mismatch: C1825488's starting/ending balances do not align with the ₹44,666.82 transaction amount."
T0000909,balance_inconsistency,43244.72,C7932277,M3660264,CASH_IN,,,Balance inconsistency detected – sender balance doesn't reconcile with amount,Flag Account for Audit,TICKET CREATED,"Math mismatch: C7932277's starting/ending balances do not align with the ₹43,244.72 transaction amount."
T0000910,balance_inconsistency,67000.9,C2651798,M9438086,CASH_OUT,,,Balance inconsistency detected – sender balance doesn't reconcile with amount,Flag Account for Audit,TICKET CREATED,"Math mismatch: C2651798's starting/ending balances do not align with the ₹67,000.90 transaction amount."
T0000929,balance_inconsistency,67049.57,C5837923,C1634426,CASH_OUT,,,Balance inconsistency detected – sender balance doesn't reconcile with amount,Flag Account for Audit,TICKET CREATED,"Math mismatch: C5837923's starting/ending balances do not align with the ₹67,049.57 transaction amount."
T0000933,balance_inconsistency,52703.05,C4984094,C5348674,CASH_IN,,,Balance inconsistency detected – sender balance doesn't reconcile with amount,Flag Account for Audit,TICKET CREATED,"Math mismatch: C4984094's starting/ending balances do not align with the ₹52,703.05 transaction amount."
T0000938,balance_inconsistency,168154.5,C5575174,M4952909,CASH_IN,,,Balance inconsistency detected – sender balance doesn't reconcile with amount,Flag Account for Audit,TICKET CREATED,"Math mismatch: C5575174's starting/ending balances do not align with the ₹168,154.50 transaction amount."
T0000939,balance_inconsistency,36517.06,C7217876,M5529565,TRANSFER,,,Balance inconsistency detected – sender balance doesn't reconcile with amount,Flag Account for Audit,TICKET CREATED,"Math mismatch: C7217876's starting/ending balances do not align with the ₹36,517.06 transaction amount."
T0000945,balance_inconsistency,68929.66,C9760651,M4375409,CASH_OUT,,,Balance inconsistency detected – sender balance doesn't reconcile with amount,Flag Account for Audit,TICKET CREATED,"Math mismatch: C9760651's starting/ending balances do not align with the ₹68,929.66 transaction amount."
T0000951,balance_inconsistency,61661.29,C6532281,C4861705,PAYMENT,,,Balance inconsistency detected – sender balance doesn't reconcile with amount,Flag Account for Audit,TICKET CREATED,"Math mismatch: C6532281's starting/ending balances do not align with the ₹61,661.29 transaction amount."
T0000954,balance_inconsistency,133398.24,C6498887,M9388991,PAYMENT,,,Balance inconsistency detected – sender balance doesn't reconcile with amount,Flag Account for Audit,TICKET CREATED,"Math mismatch: C6498887's starting/ending balances do not align with the ₹133,398.24 transaction amount."
T0000962,balance_inconsistency,126021.89,C2958656,M8544911,CASH_IN,,,Balance inconsistency detected – sender balance doesn't reconcile with amount,Flag Account for Audit,TICKET CREATED,"Math mismatch: C2958656's starting/ending balances do not align with the ₹126,021.89 transaction amount."
T0000978,balance_inconsistency,92482.14,C6091946,M6294416,CASH_IN,,,Balance inconsistency detected – sender balance doesn't reconcile with amount,Flag Account for Audit,TICKET CREATED,"Math mismatch: C6091946's starting/ending balances do not align with the ₹92,482.14 transaction amount."
T0000982,balance_inconsistency,88216.47,C6831535,M8703661,CASH_OUT,,,Balance inconsistency detected – sender balance doesn't reconcile with amount,Flag Account for Audit,TICKET CREATED,"Math mismatch: C6831535's starting/ending balances do not align with the ₹88,216.47 transaction amount."
T0000984,balance_inconsistency,39384.65,C6871896,C6490219,CASH_OUT,,,Balance inconsistency detected – sender balance doesn't reconcile with amount,Flag Account for Audit,TICKET CREATED,"Math mismatch: C6871896's starting/ending balances do not align with the ₹39,384.65 transaction amount."
T0001016,balance_inconsistency,160395.54,C5447274,M3502666,TRANSFER,,,Balance inconsistency detected – sender balance doesn't reconcile with amount,Flag Account for Audit,TICKET CREATED,"Math mismatch: C5447274's starting/ending balances do not align with the ₹160,395.54 transaction amount."
T0001020,balance_inconsistency,61679.64,C1648532,M7365404,CASH_OUT,,,Balance inconsistency detected – sender balance doesn't reconcile with amount,Flag Account for Audit,TICKET CREATED,"Math mismatch: C1648532's starting/ending balances do not align with the ₹61,679.64 transaction amount."
T0001024,balance_inconsistency,101488.33,C1500111,C9741350,CASH_OUT,,,Balance inconsistency detected – sender balance doesn't reconcile with amount,Flag Account for Audit,TICKET CREATED,"Math mismatch: C1500111's starting/ending balances do not align with the ₹101,488.33 transaction amount."
T0001042,balance_inconsistency,18092.55,C4350353,C1986902,CASH_OUT,,,Balance inconsistency detected – sender balance doesn't reconcile with amount,Flag Account for Audit,TICKET CREATED,"Math mismatch: C4350353's starting/ending balances do not align with the ₹18,092.55 transaction amount."
T0001058,balance_inconsistency,151720.03,C3798653,M1438501,CASH_OUT,,,Balance inconsistency detected – sender balance doesn't reconcile with amount,Flag Account for Audit,TICKET CREATED,"Math mismatch: C3798653's starting/ending balances do not align with the ₹151,720.03 transaction amount."
T0001064,balance_inconsistency,89645.22,C4490574,C2479408,PAYMENT,,,Balance inconsistency detected – sender balance doesn't reconcile with amount,Flag Account for Audit,TICKET CREATED,"Math mismatch: C4490574's starting/ending balances do not align with the ₹89,645.22 transaction amount."
T0001090,balance_inconsistency,39607.64,C5034210,C5320720,CASH_OUT,,,Balance inconsistency detected – sender balance doesn't reconcile with amount,Flag Account for Audit,TICKET CREATED,"Math mismatch: C5034210's starting/ending balances do not align with the ₹39,607.64 transaction amount."
T0001105,balance_inconsistency,117491.69,C3196760,C3523362,CASH_OUT,,,Balance inconsistency detected – sender balance doesn't reconcile with amount,Flag Account for Audit,TICKET CREATED,"Math mismatch: C3196760's starting/ending balances do not align with the ₹117,491.69 transaction amount."
T0001123,balance_inconsistency,155266.96,C8565214,C8994506,CASH_OUT,,,Balance inconsistency detected – sender balance doesn't reconcile with amount,Flag Account for Audit,TICKET CREATED,"Math mismatch: C8565214's starting/ending balances do not align with the ₹155,266.96 transaction amount."
T0001146,balance_inconsistency,76126.17,C7917647,M3900877,PAYMENT,,,Balance inconsistency detected – sender balance doesn't reconcile with amount,Flag Account for Audit,TICKET CREATED,"Math mismatch: C7917647's starting/ending balances do not align with the ₹76,126.17 transaction amount."
T0001147,balance_inconsistency,98567.3,C7202413,C6383073,PAYMENT,,,Balance inconsistency detected – sender balance doesn't reconcile with amount,Flag Account for Audit,TICKET CREATED,"Math mismatch: C7202413's starting/ending balances do not align with the ₹98,567.30 transaction amount."
T0001184,balance_inconsistency,98803.07,C3767815,M1781203,PAYMENT,,,Balance inconsistency detected – sender balance doesn't reconcile with amount,Flag Account for Audit,TICKET CREATED,"Math mismatch: C3767815's starting/ending balances do not align with the ₹98,803.07 transaction amount."
T0001193,balance_inconsistency,34252.3,C5732434,C3799141,PAYMENT,,,Balance inconsistency detected – sender balance doesn't reconcile with amount,Flag Account for Audit,TICKET CREATED,"Math mismatch: C5732434's starting/ending balances do not align with the ₹34,252.30 transaction amount."
T0001202,balance_inconsistency,114137.51,C7852892,M5510881,DEBIT,,,Balance inconsistency detected – sender balance doesn't reconcile with amount,Flag Account for Audit,TICKET CREATED,"Math mismatch: C7852892's starting/ending balances do not align with the ₹114,137.51 transaction amount."
T0001220,balance_inconsistency,418562.18,C5977933,C3947608,PAYMENT,,,Balance inconsistency detected – sender balance doesn't reconcile with amount,Flag Account for Audit,TICKET CREATED,"Math mismatch: C5977933's starting/ending balances do not align with the ₹418,562.18 transaction amount."
T0001240,balance_inconsistency,166803.34,C7996087,M3497599,CASH_IN,,,Balance inconsistency detected – sender balance doesn't reconcile with amount,Flag Account for Audit,TICKET CREATED,"Math mismatch: C7996087's starting/ending balances do not align with the ₹166,803.34 transaction amount."
T0001241,balance_inconsistency,24919.08,C9669291,C7555050,TRANSFER,,,Balance inconsistency detected – sender balance doesn't reconcile with amount,Flag Account for Audit,TICKET CREATED,"Math mismatch: C9669291's starting/ending balances do not align with the ₹24,919.08 transaction amount."
T0001242,balance_inconsistency,70931.39,C5407297,M5058236,TRANSFER,,,Balance inconsistency detected – sender balance doesn't reconcile with amount,Flag Account for Audit,TICKET CREATED,"Math mismatch: C5407297's starting/ending balances do not align with the ₹70,931.39 transaction amount."
T0001275,balance_inconsistency,298403.99,C6913238,C5541393,PAYMENT,,,Balance inconsistency detected – sender balance doesn't reconcile with amount,Flag Account for Audit,TICKET CREATED,"Math mismatch: C6913238's starting/ending balances do not align with the ₹298,403.99 transaction amount."
T0001278,balance_inconsistency,189115.82,C8789108,C3489147,PAYMENT,,,Balance inconsistency detected – sender balance doesn't reconcile with amount,Flag Account for Audit,TICKET CREATED,"Math mismatch: C8789108's starting/ending balances do not align with the ₹189,115.82 transaction amount."
T0001286,balance_inconsistency,88868.15,C3110816,C1466245,CASH_IN,,,Balance inconsistency detected – sender balance doesn't reconcile with amount,Flag Account for Audit,TICKET CREATED,"Math mismatch: C3110816's starting/ending balances do not align with the ₹88,868.15 transaction amount."
T0001296,balance_inconsistency,96454.27,C7095585,M8732605,PAYMENT,,,Balance inconsistency detected – sender balance doesn't reconcile with amount,Flag Account for Audit,TICKET CREATED,"Math mismatch: C7095585's starting/ending balances do not align with the ₹96,454.27 transaction amount."
T0001304,balance_inconsistency,46820.35,C7044514,M2828345,PAYMENT,,,Balance inconsistency detected – sender balance doesn't reconcile with amount,Flag Account for Audit,TICKET CREATED,"Math mismatch: C7044514's starting/ending balances do not align with the ₹46,820.35 transaction amount."
T0001305,balance_inconsistency,94995.15,C3291851,C7858223,TRANSFER,,,Balance inconsistency detected – sender balance doesn't reconcile with amount,Flag Account for Audit,TICKET CREATED,"Math mismatch: C3291851's starting/ending balances do not align with the ₹94,995.15 transaction amount."
T0001311,balance_inconsistency,346441.83,C8016494,C9000610,TRANSFER,,,Balance inconsistency detected – sender balance doesn't reconcile with amount,Flag Account for Audit,TICKET CREATED,"Math mismatch: C8016494's starting/ending balances do not align with the ₹346,441.83 transaction amount."
T0001312,balance_inconsistency,115209.11,C8680101,M4753475,TRANSFER,,,Balance inconsistency detected – sender balance doesn't reconcile with amount,Flag Account for Audit,TICKET CREATED,"Math mismatch: C8680101's starting/ending balances do not align with the ₹115,209.11 transaction amount."
T0001313,balance_inconsistency,142650.32,C9122799,C7070266,CASH_OUT,,,Balance inconsistency detected – sender balance doesn't reconcile with amount,Flag Account for Audit,TICKET CREATED,"Math mismatch: C9122799's starting/ending balances do not align with the ₹142,650.32 transaction amount."
T0001322,balance_inconsistency,172298.0,C8979017,M9010131,CASH_OUT,,,Balance inconsistency detected – sender balance doesn't reconcile with amount,Flag Account for Audit,TICKET CREATED,"Math mismatch: C8979017's starting/ending balances do not align with the ₹172,298.00 transaction amount."
T0001326,balance_inconsistency,51418.85,C1763304,M3164261,CASH_OUT,,,Balance inconsistency detected – sender balance doesn't reconcile with amount,Flag Account for Audit,TICKET CREATED,"Math mismatch: C1763304's starting/ending balances do not align with the ₹51,418.85 transaction amount."
T0001339,balance_inconsistency,241597.62,C5807515,M8607176,CASH_OUT,,,Balance inconsistency detected – sender balance doesn't reconcile with amount,Flag Account for Audit,TICKET CREATED,"Math mismatch: C5807515's starting/ending balances do not align with the ₹241,597.62 transaction amount."
T0001355,balance_inconsistency,8047.87,C4096598,C8895511,CASH_OUT,,,Balance inconsistency detected – sender balance doesn't reconcile with amount,Flag Account for Audit,TICKET CREATED,"Math mismatch: C4096598's starting/ending balances do not align with the ₹8,047.87 transaction amount."
T0001364,balance_inconsistency,110704.73,C1159019,C5383408,PAYMENT,,,Balance inconsistency detected – sender balance doesn't reconcile with amount,Flag Account for Audit,TICKET CREATED,"Math mismatch: C1159019's starting/ending balances do not align with the ₹110,704.73 transaction amount."
T0001386,balance_inconsistency,13940.67,C3928084,M7767553,CASH_OUT,,,Balance inconsistency detected – sender balance doesn't reconcile with amount,Flag Account for Audit,TICKET CREATED,"Math mismatch: C3928084's starting/ending balances do not align with the ₹13,940.67 transaction amount."
T0001420,balance_inconsistency,25495.39,C9952314,M7825349,PAYMENT,,,Balance inconsistency detected – sender balance doesn't reconcile with amount,Flag Account for Audit,TICKET CREATED,"Math mismatch: C9952314's starting/ending balances do not align with the ₹25,495.39 transaction amount."
T0001446,balance_inconsistency,159633.89,C9637969,C8377540,PAYMENT,,,Balance inconsistency detected – sender balance doesn't reconcile with amount,Flag Account for Audit,TICKET CREATED,"Math mismatch: C9637969's starting/ending balances do not align with the ₹159,633.89 transaction amount."
T0001451,balance_inconsistency,56407.3,C1461236,C6472588,PAYMENT,,,Balance inconsistency detected – sender balance doesn't reconcile with amount,Flag Account for Audit,TICKET CREATED,"Math mismatch: C1461236's starting/ending balances do not align with the ₹56,407.30 transaction amount."
T0001470,balance_inconsistency,133660.71,C7283706,C3295156,TRANSFER,,,Balance inconsistency detected – sender balance doesn't reconcile with amount,Flag Account for Audit,TICKET CREATED,"Math mismatch: C7283706's starting/ending balances do not align with the ₹133,660.71 transaction amount."
T0001474,balance_inconsistency,138084.76,C3718643,M8162154,TRANSFER,,,Balance inconsistency detected – sender balance doesn't reconcile with amount,Flag Account for Audit,TICKET CREATED,"Math mismatch: C3718643's starting/ending balances do not align with the ₹138,084.76 transaction amount."
T0001477,balance_inconsistency,327083.4,C3074952,C6808461,PAYMENT,,,Balance inconsistency detected – sender balance doesn't reconcile with amount,Flag Account for Audit,TICKET CREATED,"Math mismatch: C3074952's starting/ending balances do not align with the ₹327,083.40 transaction amount."
T0001483,balance_inconsistency,84490.46,C4733009,C8242558,CASH_OUT,,,Balance inconsistency detected – sender balance doesn't reconcile with amount,Flag Account for Audit,TICKET CREATED,"Math mismatch: C4733009's starting/ending balances do not align with the ₹84,490.46 transaction amount."
T0001495,balance_inconsistency,61882.97,C5960423,C6219439,CASH_OUT,,,Balance inconsistency detected – sender balance doesn't reconcile with amount,Flag Account for Audit,TICKET CREATED,"Math mismatch: C5960423's starting/ending balances do not align with the ₹61,882.97 transaction amount."
T0001498,balance_inconsistency,51889.69,C8570832,C1763725,DEBIT,,,Balance inconsistency detected – sender balance doesn't reconcile with amount,Flag Account for Audit,TICKET CREATED,"Math mismatch: C8570832's starting/ending balances do not align with the ₹51,889.69 transaction amount."
T0001499,balance_inconsistency,20231.03,C5767618,M7699631,PAYMENT,,,Balance inconsistency detected – sender balance doesn't reconcile with amount,Flag Account for Audit,TICKET CREATED,"Math mismatch: C5767618's starting/ending balances do not align with the ₹20,231.03 transaction amount."
T0001506,balance_inconsistency,254878.04,C5318770,C5181422,PAYMENT,,,Balance inconsistency detected – sender balance doesn't reconcile with amount,Flag Account for Audit,TICKET CREATED,"Math mismatch: C5318770's starting/ending balances do not align with the ₹254,878.04 transaction amount."
T0001528,balance_inconsistency,61810.46,C9269407,C8110267,CASH_IN,,,Balance inconsistency detected – sender balance doesn't reconcile with amount,Flag Account for Audit,TICKET CREATED,"Math mismatch: C9269407's starting/ending balances do not align with the ₹61,810.46 transaction amount."
T0001556,balance_inconsistency,11386.05,C7956435,M9656496,CASH_OUT,,,Balance inconsistency detected – sender balance doesn't reconcile with amount,Flag Account for Audit,TICKET CREATED,"Math mismatch: C7956435's starting/ending balances do not align with the ₹11,386.05 transaction amount."
T0001561,balance_inconsistency,27029.66,C3236269,C3518458,TRANSFER,,,Balance inconsistency detected – sender balance doesn't reconcile with amount,Flag Account for Audit,TICKET CREATED,"Math mismatch: C3236269's starting/ending balances do not align with the ₹27,029.66 transaction amount."
T0001574,balance_inconsistency,183319.01,C3865591,C4141037,CASH_OUT,,,Balance inconsistency detected – sender balance doesn't reconcile with amount,Flag Account for Audit,TICKET CREATED,"Math mismatch: C3865591's starting/ending balances do not align with the ₹183,319.01 transaction amount."
T0001611,balance_inconsistency,17564.97,C7032031,C8095049,PAYMENT,,,Balance inconsistency detected – sender balance doesn't reconcile with amount,Flag Account for Audit,TICKET CREATED,"Math mismatch: C7032031's starting/ending balances do not align with the ₹17,564.97 transaction amount."
T0001614,balance_inconsistency,140376.28,C2556495,C9421151,PAYMENT,,,Balance inconsistency detected – sender balance doesn't reconcile with amount,Flag Account for Audit,TICKET CREATED,"Math mismatch: C2556495's starting/ending balances do not align with the ₹140,376.28 transaction amount."
T0001619,balance_inconsistency,84563.72,C3384893,C8564991,CASH_OUT,,,Balance inconsistency detected – sender balance doesn't reconcile with amount,Flag Account for Audit,TICKET CREATED,"Math mismatch: C3384893's starting/ending balances do not align with the ₹84,563.72 transaction amount."
T0001636,balance_inconsistency,63585.11,C6596127,M8568499,PAYMENT,,,Balance inconsistency detected – sender balance doesn't reconcile with amount,Flag Account for Audit,TICKET CREATED,"Math mismatch: C6596127's starting/ending balances do not align with the ₹63,585.11 transaction amount."
T0001648,balance_inconsistency,139333.6,C8526205,C5904845,CASH_OUT,,,Balance inconsistency detected – sender balance doesn't reconcile with amount,Flag Account for Audit,TICKET CREATED,"Math mismatch: C8526205's starting/ending balances do not align with the ₹139,333.60 transaction amount."
T0001650,balance_inconsistency,179358.96,C1163444,C3436669,CASH_OUT,,,Balance inconsistency detected – sender balance doesn't reconcile with amount,Flag Account for Audit,TICKET CREATED,"Math mismatch: C1163444's starting/ending balances do not align with the ₹179,358.96 transaction amount."
T0001659,balance_inconsistency,66692.0,C6577161,C4807320,PAYMENT,,,Balance inconsistency detected – sender balance doesn't reconcile with amount,Flag Account for Audit,TICKET CREATED,"Math mismatch: C6577161's starting/ending balances do not align with the ₹66,692.00 transaction amount."
T0001677,balance_inconsistency,154736.38,C9318039,C4213918,PAYMENT,,,Balance inconsistency detected – sender balance doesn't reconcile with amount,Flag Account for Audit,TICKET CREATED,"Math mismatch: C9318039's starting/ending balances do not align with the ₹154,736.38 transaction amount."
T0001678,balance_inconsistency,37414.91,C5631246,M7143037,PAYMENT,,,Balance inconsistency detected – sender balance doesn't reconcile with amount,Flag Account for Audit,TICKET CREATED,"Math mismatch: C5631246's starting/ending balances do not align with the ₹37,414.91 transaction amount."
T0001686,balance_inconsistency,2632.89,C4671652,C9631915,PAYMENT,,,Balance inconsistency detected – sender balance doesn't reconcile with amount,Flag Account for Audit,TICKET CREATED,"Math mismatch: C4671652's starting/ending balances do not align with the ₹2,632.89 transaction amount."
T0001691,balance_inconsistency,107584.42,C6916705,C6738242,TRANSFER,,,Balance inconsistency detected – sender balance doesn't reconcile with amount,Flag Account for Audit,TICKET CREATED,"Math mismatch: C6916705's starting/ending balances do not align with the ₹107,584.42 transaction amount."
T0001705,balance_inconsistency,258995.38,C9851770,C4992276,TRANSFER,,,Balance inconsistency detected – sender balance doesn't reconcile with amount,Flag Account for Audit,TICKET CREATED,"Math mismatch: C9851770's starting/ending balances do not align with the ₹258,995.38 transaction amount."
T0001713,balance_inconsistency,107684.39,C6799911,C7049051,TRANSFER,,,Balance inconsistency detected – sender balance doesn't reconcile with amount,Flag Account for Audit,TICKET CREATED,"Math mismatch: C6799911's starting/ending balances do not align with the ₹107,684.39 transaction amount."
T0001730,balance_inconsistency,56755.84,C9135758,M6074252,PAYMENT,,,Balance inconsistency detected – sender balance doesn't reconcile with amount,Flag Account for Audit,TICKET CREATED,"Math mismatch: C9135758's starting/ending balances do not align with the ₹56,755.84 transaction amount."
T0001731,balance_inconsistency,88741.07,C7295410,C1045851,CASH_OUT,,,Balance inconsistency detected – sender balance doesn't reconcile with amount,Flag Account for Audit,TICKET CREATED,"Math mismatch: C7295410's starting/ending balances do not align with the ₹88,741.07 transaction amount."
T0001757,balance_inconsistency,165944.83,C6142588,C4212963,CASH_IN,,,Balance inconsistency detected – sender balance doesn't reconcile with amount,Flag Account for Audit,TICKET CREATED,"Math mismatch: C6142588's starting/ending balances do not align with the ₹165,944.83 transaction amount."
T0001763,balance_inconsistency,59397.16,C6182065,M8909764,CASH_IN,,,Balance inconsistency detected – sender balance doesn't reconcile with amount,Flag Account for Audit,TICKET CREATED,"Math mismatch: C6182065's starting/ending balances do not align with the ₹59,397.16 transaction amount."
T0001777,balance_inconsistency,207344.55,C3770159,M5609285,PAYMENT,,,Balance inconsistency detected – sender balance doesn't reconcile with amount,Flag Account for Audit,TICKET CREATED,"Math mismatch: C3770159's starting/ending balances do not align with the ₹207,344.55 transaction amount."
T0001782,balance_inconsistency,27118.82,C9594084,C5642734,CASH_IN,,,Balance inconsistency detected – sender balance doesn't reconcile with amount,Flag Account for Audit,TICKET CREATED,"Math mismatch: C9594084's starting/ending balances do not align with the ₹27,118.82 transaction amount."
T0001787,balance_inconsistency,12666.04,C5255918,C9548110,PAYMENT,,,Balance inconsistency detected – sender balance doesn't reconcile with amount,Flag Account for Audit,TICKET CREATED,"Math mismatch: C5255918's starting/ending balances do not align with the ₹12,666.04 transaction amount."
T0001792,balance_inconsistency,31335.24,C3503019,M4600598,PAYMENT,,,Balance inconsistency detected – sender balance doesn't reconcile with amount,Flag Account for Audit,TICKET CREATED,"Math mismatch: C3503019's starting/ending balances do not align with the ₹31,335.24 transaction amount."
T0001802,balance_inconsistency,25221.57,C3334958,C7343860,CASH_OUT,,,Balance inconsistency detected – sender balance doesn't reconcile with amount,Flag Account for Audit,TICKET CREATED,"Math mismatch: C3334958's starting/ending balances do not align with the ₹25,221.57 transaction amount."
T0001832,balance_inconsistency,91328.64,C1646399,C5903649,PAYMENT,,,Balance inconsistency detected – sender balance doesn't reconcile with amount,Flag Account for Audit,TICKET CREATED,"Math mismatch: C1646399's starting/ending balances do not align with the ₹91,328.64 transaction amount."
T0001847,balance_inconsistency,198075.36,C5688967,C3834166,CASH_OUT,,,Balance inconsistency detected – sender balance doesn't reconcile with amount,Flag Account for Audit,TICKET CREATED,"Math mismatch: C5688967's starting/ending balances do not align with the ₹198,075.36 transaction amount."
T0001849,balance_inconsistency,49902.38,C1736319,C3240809,PAYMENT,,,Balance inconsistency detected – sender balance doesn't reconcile with amount,Flag Account for Audit,TICKET CREATED,"Math mismatch: C1736319's starting/ending balances do not align with the ₹49,902.38 transaction amount."
T0001868,balance_inconsistency,222512.16,C7951176,M3371946,TRANSFER,,,Balance inconsistency detected – sender balance doesn't reconcile with amount,Flag Account for Audit,TICKET CREATED,"Math mismatch: C7951176's starting/ending balances do not align with the ₹222,512.16 transaction amount."
T0001915,balance_inconsistency,148915.0,C3539987,M1526080,CASH_IN,,,Balance inconsistency detected – sender balance doesn't reconcile with amount,Flag Account for Audit,TICKET CREATED,"Math mismatch: C3539987's starting/ending balances do not align with the ₹148,915.00 transaction amount."
T0001924,balance_inconsistency,51053.5,C2185793,C3464635,TRANSFER,,,Balance inconsistency detected – sender balance doesn't reconcile with amount,Flag Account for Audit,TICKET CREATED,"Math mismatch: C2185793's starting/ending balances do not align with the ₹51,053.50 transaction amount."
T0001935,balance_inconsistency,75200.93,C4353371,M1626834,PAYMENT,,,Balance inconsistency detected – sender balance doesn't reconcile with amount,Flag Account for Audit,TICKET CREATED,"Math mismatch: C4353371's starting/ending balances do not align with the ₹75,200.93 transaction amount."
T0001955,balance_inconsistency,24685.0,C5757681,M9707329,PAYMENT,,,Balance inconsistency detected – sender balance doesn't reconcile with amount,Flag Account for Audit,TICKET CREATED,"Math mismatch: C5757681's starting/ending balances do not align with the ₹24,685.00 transaction amount."
T0001961,balance_inconsistency,168381.14,C2282980,M1472601,DEBIT,,,Balance inconsistency detected – sender balance doesn't reconcile with amount,Flag Account for Audit,TICKET CREATED,"Math mismatch: C2282980's starting/ending balances do not align with the ₹168,381.14 transaction amount."
T0001989,balance_inconsistency,111146.79,C5779239,C7017234,PAYMENT,,,Balance inconsistency detected – sender balance doesn't reconcile with amount,Flag Account for Audit,TICKET CREATED,"Math mismatch: C5779239's starting/ending balances do not align with the ₹111,146.79 transaction amount."
T0001997,balance_inconsistency,51878.12,C3525760,M6812906,TRANSFER,,,Balance inconsistency detected – sender balance doesn't reconcile with amount,Flag Account for Audit,TICKET CREATED,"Math mismatch: C3525760's starting/ending balances do not align with the ₹51,878.12 transaction amount."
T0000120,ml_anomaly,203488.93,C4956521,M8221259,PAYMENT,,,ML model flagged unusual pattern – review for potential fraud,Freeze Sender Account,PENDING ADMIN APPROVAL,"Statistical outlier: ₹203,488.93 deviates significantly from C4956521's baseline behavior. Flagged for fraud review."
T0000121,ml_anomaly,225590.44,C7015625,C4977109,CASH_OUT,,,ML model flagged unusual pattern – review for potential fraud,Freeze Sender Account,PENDING ADMIN APPROVAL,"Statistical outlier: ₹225,590.44 deviates significantly from C7015625's baseline behavior. Flagged for fraud review."
T0000132,ml_anomaly,202661.49,C1815097,C6861191,CASH_OUT,,,ML model flagged unusual pattern – review for potential fraud,Freeze Sender Account,PENDING ADMIN APPROVAL,"Statistical outlier: ₹202,661.49 deviates significantly from C1815097's baseline behavior. Flagged for fraud review."
T0000184,ml_anomaly,205032.91,C5460632,C9681229,PAYMENT,,,ML model flagged unusual pattern – review for potential fraud,Freeze Sender Account,PENDING ADMIN APPROVAL,"Statistical outlier: ₹205,032.91 deviates significantly from C5460632's baseline behavior. Flagged for fraud review."
T0000253,ml_anomaly,248496.5,C6945390,M6618680,TRANSFER,,,ML model flagged unusual pattern – review for potential fraud,Freeze Sender Account,PENDING ADMIN APPROVAL,"Statistical outlier: ₹248,496.50 deviates significantly from C6945390's baseline behavior. Flagged for fraud review."
T0000286,ml_anomaly,154381.0,C6145551,M8443071,CASH_IN,,,ML model flagged unusual pattern – review for potential fraud,Freeze Sender Account,PENDING ADMIN APPROVAL,"Statistical outlier: ₹154,381.00 deviates significantly from C6145551's baseline behavior. Flagged for fraud review."
T0000344,ml_anomaly,197217.0,C3303685,C9861264,PAYMENT,,,ML model flagged unusual pattern – review for potential fraud,Freeze Sender Account,PENDING ADMIN APPROVAL,"Statistical outlier: ₹197,217.00 deviates significantly from C3303685's baseline behavior. Flagged for fraud review."
T0000527,ml_anomaly,317444.64,C9237401,M1574658,CASH_OUT,,,ML model flagged unusual pattern – review for potential fraud,Freeze Sender Account,PENDING ADMIN APPROVAL,"Statistical outlier: ₹317,444.64 deviates significantly from C9237401's baseline behavior. Flagged for fraud review."
T0000804,ml_anomaly,200384.26,C8031645,C9164775,CASH_IN,,,ML model flagged unusual pattern – review for potential fraud,Freeze Sender Account,PENDING ADMIN APPROVAL,"Statistical outlier: ₹200,384.26 deviates significantly from C8031645's baseline behavior. Flagged for fraud review."
T0000913,ml_anomaly,203107.31,C6327668,M1277147,CASH_IN,,,ML model flagged unusual pattern – review for potential fraud,Freeze Sender Account,PENDING ADMIN APPROVAL,"Statistical outlier: ₹203,107.31 deviates significantly from C6327668's baseline behavior. Flagged for fraud review."
T0001032,ml_anomaly,261979.63,C3825040,C2549535,TRANSFER,,,ML model flagged unusual pattern – review for potential fraud,Freeze Sender Account,PENDING ADMIN APPROVAL,"Statistical outlier: ₹261,979.63 deviates significantly from C3825040's baseline behavior. Flagged for fraud review."
T0001205,ml_anomaly,220421.46,C5635709,C4961436,CASH_OUT,,,ML model flagged unusual pattern – review for potential fraud,Freeze Sender Account,PENDING ADMIN APPROVAL,"Statistical outlier: ₹220,421.46 deviates significantly from C5635709's baseline behavior. Flagged for fraud review."
T0001215,ml_anomaly,242799.65,C5564047,M3266796,CASH_OUT,,,ML model flagged unusual pattern – review for potential fraud,Freeze Sender Account,PENDING ADMIN APPROVAL,"Statistical outlier: ₹242,799.65 deviates significantly from C5564047's baseline behavior. Flagged for fraud review."
T0001223,ml_anomaly,226232.49,C4751595,C1138230,CASH_IN,,,ML model flagged unusual pattern – review for potential fraud,Freeze Sender Account,PENDING ADMIN APPROVAL,"Statistical outlier: ₹226,232.49 deviates significantly from C4751595's baseline behavior. Flagged for fraud review."
T0001294,ml_anomaly,222237.36,C5631663,M3223608,PAYMENT,,,ML model flagged unusual pattern – review for potential fraud,Freeze Sender Account,PENDING ADMIN APPROVAL,"Statistical outlier: ₹222,237.36 deviates significantly from C5631663's baseline behavior. Flagged for fraud review."
T0001509,ml_anomaly,249106.22,C4000172,C5330208,TRANSFER,,,ML model flagged unusual pattern – review for potential fraud,Freeze Sender Account,PENDING ADMIN APPROVAL,"Statistical outlier: ₹249,106.22 deviates significantly from C4000172's baseline behavior. Flagged for fraud review."
T0001536,ml_anomaly,352243.67,C1995665,C6675818,CASH_OUT,,,ML model flagged unusual pattern – review for potential fraud,Freeze Sender Account,PENDING ADMIN APPROVAL,"Statistical outlier: ₹352,243.67 deviates significantly from C1995665's baseline behavior. Flagged for fraud review."
T0001583,ml_anomaly,270790.85,C6721401,M8438016,TRANSFER,,,ML model flagged unusual pattern – review for potential fraud,Freeze Sender Account,PENDING ADMIN APPROVAL,"Statistical outlier: ₹270,790.85 deviates significantly from C6721401's baseline behavior. Flagged for fraud review."
T0001671,ml_anomaly,168095.43,C3409067,C9871004,CASH_IN,,,ML model flagged unusual pattern – review for potential fraud,Freeze Sender Account,PENDING ADMIN APPROVAL,"Statistical outlier: ₹168,095.43 deviates significantly from C3409067's baseline behavior. Flagged for fraud review."
T0001948,ml_anomaly,274424.2,C3893796,C2820777,TRANSFER,,,ML model flagged unusual pattern – review for potential fraud,Freeze Sender Account,PENDING ADMIN APPROVAL,"Statistical outlier: ₹274,424.20 deviates significantly from C3893796's baseline behavior. Flagged for fraud review."
